user_id,label
107606,1
104843,0
110000,2
107924,1
106535,1
108269,1
103689,0
107191,1
109604,2
107808,1
101942,0
104282,0
100397,0
107117,1
105402,1
104984,0
105047,1
100394,0
109493,2
100429,0
108455,1
103891,0
108914,2
109616,2
103661,0
101452,0
109748,2
104233,0
102118,0
105216,1
104296,0
105033,1
106160,1
108845,2
107365,1
105148,1
109685,2
101175,0
107742,1
109340,2
100956,0
100572,0
101432,0
102542,0
104688,0
102666,0
105795,1
108835,2
103383,0
102628,0
106048,1
104268,0
100679,0
100687,0
103382,0
108523,2
109257,2
105675,1
101582,0
109230,2
102660,0
103164,0
101757,0
104002,0
104766,0
109519,2
103417,0
100101,0
102515,0
100023,0
101949,0
107130,1
101024,0
109503,2
103422,0
105674,1
106305,1
105139,1
103773,0
107946,1
109491,2
106918,1
105283,1
102721,0
109140,2
106145,1
100959,0
100588,0
108210,1
106409,1
104834,0
101935,0
101631,0
107145,1
102345,0
100737,0
100732,0
103178,0
102455,0
108525,2
101927,0
108301,1
109753,2
108280,1
107387,1
100585,0
101427,0
101648,0
107022,1
105657,1
101451,0
103772,0
102775,0
102091,0
108544,2
105329,1
109316,2
108076,1
107880,1
106691,1
109365,2
101084,0
101138,0
103928,0
100839,0
105058,1
100240,0
106743,1
103447,0
102900,0
101986,0
101599,0
102044,0
106574,1
107974,1
107765,1
109638,2
109744,2
101638,0
108326,1
100713,0
102859,0
101608,0
101553,0
105614,1
102155,0
100335,0
105006,1
101189,0
103820,0
106721,1
104055,0
105432,1
109173,2
100343,0
101276,0
108854,2
108755,2
104851,0
102644,0
102662,0
107775,1
101794,0
106843,1
106503,1
101103,0
107905,1
109631,2
105186,1
108793,2
101449,0
108439,1
109615,2
107677,1
106146,1
107668,1
108528,2
107069,1
107058,1
107110,1
107929,1
109221,2
105797,1
108748,2
106694,1
105277,1
101923,0
100378,0
106314,1
101205,0
106794,1
107891,1
105532,1
104680,0
104216,0
104880,0
107786,1
106717,1
106156,1
104336,0
106698,1
107585,1
106713,1
107893,1
103696,0
104417,0
106287,1
104291,0
102623,0
102475,0
109497,2
107235,1
108075,1
106820,1
105914,1
109429,2
107048,1
103465,0
109505,2
106705,1
102807,0
107874,1
100443,0
105049,1
104753,0
102095,0
108368,1
100470,0
107331,1
108245,1
101754,0
108722,2
108466,1
109763,2
108236,1
106096,1
104773,0
104419,0
107685,1
103797,0
100540,0
105285,1
105112,1
104450,0
101563,0
104651,0
102596,0
100934,0
102678,0
106241,1
109966,2
100311,0
108185,1
108117,1
108125,1
108275,1
107421,1
106023,1
103904,0
102670,0
106757,1
100391,0
104000,0
108975,2
108540,2
104618,0
108764,2
105745,1
107385,1
101816,0
100731,0
109867,2
101858,0
109992,2
107476,1
109334,2
105589,1
101387,0
100625,0
101615,0
107258,1
108174,1
100586,0
101097,0
104292,0
109453,2
100571,0
109490,2
106882,1
107348,1
105274,1
100628,0
100253,0
109034,2
102476,0
105101,1
102891,0
106929,1
105270,1
108327,1
109617,2
107289,1
107961,1
101193,0
106186,1
105390,1
104852,0
106424,1
102977,0
109036,2
104052,0
101621,0
104058,0
103731,0
105485,1
108653,2
108702,2
105439,1
106958,1
107098,1
101217,0
107705,1
104207,0
105108,1
107173,1
107495,1
103943,0
108229,1
104599,0
106366,1
109390,2
105906,1
104357,0
104127,0
105708,1
109026,2
107774,1
108692,2
106398,1
102981,0
107445,1
106985,1
103810,0
101361,0
107172,1
107997,1
105204,1
107003,1
107010,1
104782,0
108484,1
100003,0
103789,0
104056,0
106756,1
107523,1
107965,1
101506,0
100244,0
102863,0
102755,0
105921,1
101682,0
106977,1
104863,0
109165,2
100248,0
108923,2
108171,1
104827,0
109785,2
107672,1
109808,2
105514,1
105045,1
108234,1
105163,1
107379,1
108192,1
108499,1
100793,0
109090,2
100386,0
105990,1
100007,0
107806,1
105448,1
105280,1
105740,1
106732,1
103669,0
101578,0
100663,0
101286,0
101093,0
100891,0
100010,0
105629,1
109593,2
104359,0
103909,0
106093,1
108618,2
107550,1
109031,2
101868,0
103589,0
102584,0
109247,2
100452,0
106654,1
101214,0
103972,0
102436,0
103252,0
103371,0
104059,0
100945,0
103847,0
107587,1
108083,1
105890,1
109380,2
100155,0
109233,2
102671,0
103309,0
108387,1
102503,0
100907,0
109177,2
109012,2
105249,1
109236,2
101847,0
104407,0
100564,0
103686,0
107219,1
100361,0
107262,1
109654,2
106313,1
106831,1
100461,0
106203,1
107060,1
100161,0
104935,0
104102,0
108396,1
105298,1
100721,0
109384,2
103039,0
106611,1
104361,0
101625,0
101229,0
106458,1
102608,0
109048,2
109418,2
104724,0
107790,1
101886,0
105065,1
102058,0
107843,1
100932,0
104202,0
108092,1
107080,1
107818,1
102032,0
102944,0
108026,1
105905,1
109857,2
103377,0
106147,1
106708,1
108928,2
103327,0
104878,0
100723,0
107183,1
103579,0
101575,0
107515,1
105611,1
104541,0
109333,2
104096,0
100747,0
107004,1
109136,2
103523,0
100695,0
108274,1
109013,2
108292,1
108405,1
106297,1
109863,2
100639,0
109614,2
105908,1
104971,0
106050,1
100749,0
101584,0
104170,0
100467,0
104837,0
109251,2
100275,0
107124,1
109321,2
109066,2
109159,2
100413,0
108310,1
101035,0
104939,0
103807,0
106921,1
108656,2
102139,0
109473,2
106273,1
104462,0
104546,0
105700,1
103586,0
105252,1
104249,0
103385,0
105545,1
105739,1
108585,2
106751,1
107052,1
101079,0
109739,2
107883,1
106545,1
100408,0
104181,0
102272,0
108291,1
109121,2
105821,1
106595,1
107475,1
100082,0
100696,0
106112,1
103350,0
105367,1
102110,0
102216,0
104151,0
102217,0
101248,0
105207,1
102456,0
102480,0
108874,2
109920,2
104119,0
106838,1
106923,1
100068,0
108063,1
107404,1
106627,1
108671,2
101508,0
106718,1
100711,0
101977,0
103279,0
107137,1
107761,1
101233,0
107819,1
109324,2
102404,0
107293,1
109599,2
101529,0
104873,0
102398,0
100008,0
100807,0
101039,0
104482,0
105026,1
103045,0
104251,0
108880,2
107772,1
102627,0
102280,0
103729,0
108617,2
104475,0
109852,2
107670,1
104784,0
108930,2
105129,1
100032,0
105564,1
104907,0
100474,0
107176,1
108660,2
109868,2
103898,0
109182,2
109909,2
106821,1
106353,1
108631,2
104200,0
104732,0
101937,0
106274,1
108139,1
107366,1
109349,2
108913,2
100353,0
103979,0
102665,0
104130,0
107859,1
106491,1
107903,1
102907,0
100869,0
106306,1
106600,1
109194,2
102384,0
102535,0
100658,0
101605,0
105768,1
106604,1
106003,1
109891,2
100114,0
109208,2
106943,1
108794,2
108351,1
108725,2
100364,0
108464,1
104831,0
106577,1
103576,0
109794,2
106940,1
100215,0
104998,0
109067,2
106106,1
103176,0
109263,2
101565,0
100475,0
103813,0
107019,1
100033,0
103492,0
102214,0
103577,0
107381,1
105209,1
106173,1
102830,0
108937,2
103685,0
106197,1
101733,0
107425,1
103416,0
102223,0
104699,0
107101,1
102593,0
106137,1
104237,0
107999,1
103496,0
104681,0
100012,0
102453,0
109124,2
103109,0
106620,1
103414,0
108778,2
107397,1
105500,1
108564,2
102639,0
100762,0
102116,0
106065,1
101967,0
103362,0
106855,1
109622,2
105078,1
109921,2
109104,2
105399,1
103574,0
104394,0
109064,2
101342,0
107904,1
103667,0
107509,1
108320,1
102408,0
107294,1
104304,0
107225,1
109395,2
108678,2
108560,2
100617,0
109063,2
108126,1
102757,0
105119,1
103057,0
101414,0
102990,0
105301,1
101122,0
108732,2
101066,0
103856,0
102238,0
107697,1
104910,0
100973,0
105105,1
103508,0
104300,0
104152,0
105498,1
103264,0
103186,0
103806,0
102489,0
103709,0
107602,1
101378,0
102631,0
106355,1
100536,0
104677,0
102459,0
105202,1
109802,2
108908,2
107767,1
108184,1
100037,0
106526,1
104658,0
102081,0
106496,1
109168,2
105849,1
108735,2
102878,0
106806,1
104432,0
105895,1
109556,2
103759,0
103003,0
103096,0
108643,2
107310,1
108225,1
100823,0
102343,0
108503,2
103005,0
105565,1
100425,0
101864,0
109339,2
108309,1
108046,1
103340,0
105838,1
105633,1
108583,2
108991,2
102323,0
102050,0
107482,1
103211,0
108533,2
103115,0
102561,0
102080,0
109548,2
102299,0
101253,0
100808,0
102625,0
105653,1
102211,0
107811,1
108684,2
102230,0
102431,0
100654,0
108929,2
104915,0
109775,2
104571,0
108925,2
102700,0
108170,1
105167,1
107489,1
102862,0
101893,0
102828,0
103491,0
107311,1
101702,0
108264,1
103985,0
103187,0
106091,1
107656,1
100660,0
108673,2
109809,2
109023,2
105540,1
102349,0
107699,1
104703,0
104312,0
101316,0
100963,0
108936,2
101267,0
107308,1
105328,1
106364,1
100057,0
108830,2
109738,2
107168,1
105062,1
108666,2
103600,0
101594,0
100094,0
102588,0
108377,1
109474,2
107599,1
105726,1
101635,0
107895,1
101833,0
107116,1
105123,1
105169,1
103474,0
104260,0
109878,2
105961,1
103498,0
101555,0
105324,1
105841,1
106487,1
108931,2
109144,2
107316,1
101407,0
101209,0
102207,0
108766,2
101780,0
103754,0
100096,0
105374,1
102440,0
109350,2
105651,1
101203,0
108549,2
100887,0
108577,2
109388,2
103253,0
103232,0
109425,2
100495,0
101714,0
106566,1
101413,0
107674,1
103217,0
101756,0
105212,1
107669,1
106949,1
105800,1
104229,0
108935,2
104723,0
103407,0
102060,0
104596,0
108566,2
103659,0
103304,0
104325,0
105440,1
100414,0
103356,0
102514,0
103643,0
104097,0
107361,1
106781,1
107950,1
108010,1
107410,1
101225,0
106161,1
104383,0
103002,0
109600,2
105099,1
104456,0
109361,2
103069,0
109571,2
106850,1
109873,2
104021,0
104011,0
101646,0
103379,0
101016,0
100167,0
107254,1
106299,1
109183,2
106020,1
106693,1
107643,1
103764,0
108114,1
100043,0
103278,0
101589,0
101530,0
108958,2
106998,1
104375,0
103925,0
100510,0
105692,1
108104,1
101439,0
102246,0
105347,1
104551,0
101534,0
105462,1
104372,0
106320,1
101095,0
108784,2
102928,0
103905,0
106275,1
102529,0
108704,2
108508,2
105213,1
102099,0
100175,0
106414,1
108166,1
109950,2
101812,0
103434,0
106883,1
108568,2
103907,0
104161,0
103410,0
106444,1
104531,0
104715,0
105560,1
108423,1
107134,1
100972,0
100190,0
103104,0
102573,0
101732,0
100523,0
107001,1
109961,2
105609,1
109086,2
101410,0
107271,1
107940,1
101669,0
109886,2
101471,0
106311,1
109260,2
106689,1
108514,2
104861,0
105437,1
100370,0
102235,0
107319,1
108450,1
108143,1
109762,2
104804,0
109204,2
106119,1
103811,0
101561,0
102769,0
109709,2
103357,0
100249,0
107390,1
101954,0
108419,1
101119,0
109630,2
108294,1
107797,1
104991,0
103997,0
106009,1
104436,0
108313,1
101031,0
106963,1
105982,1
108869,2
104196,0
109653,2
107382,1
101314,0
100025,0
102039,0
109186,2
105279,1
109360,2
104514,0
107537,1
101554,0
109094,2
106893,1
102802,0
104893,0
101443,0
105265,1
101065,0
107650,1
100439,0
107780,1
106825,1
100748,0
101156,0
101968,0
103971,0
101905,0
101522,0
105053,1
107624,1
101280,0
107849,1
100618,0
106152,1
109997,2
109912,2
108639,2
107045,1
105949,1
107364,1
101719,0
101826,0
106200,1
104866,0
100853,0
103124,0
109991,2
108431,1
103521,0
100213,0
102592,0
108133,1
100686,0
105863,1
109601,2
108992,2
103728,0
107279,1
107907,1
107545,1
107336,1
101606,0
106440,1
102127,0
109189,2
106253,1
103241,0
106692,1
100131,0
101043,0
107594,1
103570,0
105357,1
107299,1
109516,2
100939,0
103302,0
101774,0
102597,0
101210,0
105350,1
107793,1
107760,1
108488,1
107892,1
101820,0
100795,0
107639,1
105312,1
109823,2
109323,2
105644,1
101232,0
106111,1
104570,0
101783,0
109608,2
104480,0
101272,0
104297,0
100685,0
108885,2
101885,0
105008,1
101926,0
102805,0
100886,0
101389,0
109032,2
104483,0
101355,0
102543,0
100644,0
100514,0
102569,0
107679,1
105981,1
108980,2
104349,0
100698,0
103610,0
102083,0
100958,0
107625,1
103318,0
108828,2
109209,2
102516,0
105787,1
101751,0
100040,0
108402,1
106664,1
109731,2
107547,1
101383,0
102477,0
109286,2
102509,0
105667,1
108335,1
106005,1
104395,0
108796,2
102147,0
101166,0
109495,2
106422,1
104093,0
103158,0
109317,2
100814,0
107554,1
109344,2
104099,0
100595,0
108823,2
105950,1
106166,1
106022,1
108281,1
107610,1
106898,1
103391,0
103924,0
109811,2
101475,0
101818,0
106063,1
109145,2
102730,0
107664,1
104819,0
108581,2
100521,0
109611,2
108955,2
109780,2
101218,0
101400,0
100276,0
106939,1
106369,1
103628,0
105104,1
104652,0
108441,1
109142,2
108674,2
106904,1
104467,0
100477,0
104937,0
109705,2
105449,1
109689,2
101505,0
101651,0
106919,1
100143,0
102063,0
107626,1
103721,0
100089,0
102620,0
103017,0
109386,2
102533,0
100118,0
100526,0
109623,2
109870,2
102225,0
109646,2
109986,2
102941,0
100333,0
102150,0
105218,1
102302,0
107942,1
102577,0
106394,1
102707,0
108102,1
102557,0
103626,0
109824,2
107335,1
104110,0
102746,0
105208,1
102399,0
101448,0
109419,2
104217,0
103934,0
105230,1
101790,0
101320,0
100880,0
103710,0
106715,1
100615,0
100305,0
102012,0
106814,1
105179,1
103054,0
103662,0
100926,0
103246,0
108486,1
106455,1
105957,1
104360,0
106509,1
102840,0
102153,0
102001,0
101580,0
106748,1
109837,2
102892,0
105407,1
100879,0
108646,2
108391,1
105178,1
107488,1
107315,1
102090,0
103201,0
101989,0
103013,0
103173,0
103419,0
105162,1
104486,0
108196,1
106675,1
108763,2
101746,0
105856,1
102559,0
107280,1
102829,0
105737,1
105975,1
108563,2
108626,2
108260,1
108989,2
106586,1
106179,1
109348,2
103449,0
105860,1
100520,0
102494,0
101613,0
101703,0
108334,1
107878,1
109040,2
106133,1
104487,0
108610,2
100776,0
106550,1
108454,1
105899,1
101319,0
104415,0
103183,0
103394,0
104385,0
100826,0
102137,0
108318,1
108491,1
103524,0
101022,0
106999,1
105668,1
107640,1
100436,0
105091,1
107805,1
102897,0
101973,0
101760,0
108950,2
108571,2
107852,1
109253,2
100714,0
107734,1
101219,0
105917,1
102279,0
107266,1
106056,1
103349,0
107499,1
105622,1
101055,0
108861,2
109632,2
108736,2
106774,1
104066,0
106605,1
104552,0
100755,0
104740,0
109099,2
101264,0
107633,1
107409,1
109908,2
103736,0
106158,1
108848,2
103541,0
101925,0
103411,0
104340,0
109770,2
108554,2
100265,0
100966,0
103457,0
102641,0
108059,1
108123,1
101749,0
109110,2
107372,1
101588,0
103478,0
103993,0
107469,1
103335,0
103796,0
102305,0
108558,2
108516,2
100158,0
104830,0
100172,0
104401,0
100943,0
105756,1
107091,1
105250,1
103316,0
103440,0
102582,0
109662,2
104593,0
102675,0
102497,0
108708,2
104534,0
109210,2
106460,1
104953,0
107487,1
106472,1
101338,0
101628,0
109525,2
106972,1
109437,2
106872,1
103880,0
101798,0
108467,1
101718,0
106511,1
101351,0
105806,1
108803,2
100605,0
100209,0
108754,2
104995,0
109650,2
107192,1
107977,1
105748,1
100758,0
103933,0
106874,1
107820,1
100876,0
109855,2
101950,0
105592,1
107055,1
102683,0
109905,2
102833,0
104060,0
101488,0
104496,0
105549,1
103902,0
105613,1
101654,0
103916,0
100457,0
101123,0
108603,2
103043,0
105238,1
101354,0
104402,0
109875,2
102606,0
103236,0
100233,0
107583,1
102691,0
102024,0
105517,1
104590,0
100593,0
106631,1
106122,1
101586,0
106659,1
107897,1
107257,1
105734,1
107453,1
107634,1
106988,1
107513,1
103831,0
106092,1
102645,0
102309,0
104812,0
105683,1
105259,1
100360,0
102772,0
104761,0
101873,0
109093,2
103047,0
101058,0
106007,1
109130,2
101406,0
108756,2
100930,0
108082,1
107067,1
103245,0
102927,0
109702,2
102195,0
104457,0
106232,1
105510,1
105773,1
102394,0
104275,0
103593,0
105869,1
106854,1
107953,1
100285,0
104203,0
106944,1
104180,0
107064,1
102499,0
103703,0
106784,1
106839,1
106903,1
100515,0
106330,1
106231,1
109892,2
102117,0
107072,1
105468,1
104185,0
102684,0
101474,0
103851,0
105997,1
100838,0
101334,0
105709,1
106990,1
102711,0
106902,1
104705,0
107274,1
107496,1
102595,0
106247,1
103885,0
107377,1
104034,0
109192,2
106959,1
109382,2
107740,1
104025,0
107068,1
103977,0
103200,0
105977,1
100592,0
109379,2
102741,0
104874,0
109435,2
105655,1
102076,0
106608,1
105698,1
109636,2
108843,2
102005,0
106081,1
100218,0
106551,1
109356,2
103639,0
107143,1
102966,0
103372,0
107888,1
107759,1
102338,0
101376,0
109817,2
107008,1
107182,1
106288,1
107288,1
102193,0
106606,1
100014,0
100522,0
109931,2
100974,0
109014,2
102140,0
105443,1
107035,1
104147,0
103748,0
109510,2
101617,0
103048,0
103745,0
109528,2
103821,0
100341,0
101664,0
106401,1
102281,0
105652,1
108905,2
102079,0
105628,1
107441,1
100809,0
105818,1
109162,2
103467,0
104999,0
107389,1
102695,0
109400,2
105607,1
103537,0
101531,0
109907,2
106135,1
102254,0
105331,1
103886,0
106885,1
108317,1
103031,0
100710,0
102837,0
102350,0
103770,0
102430,0
100194,0
105415,1
101887,0
106040,1
103072,0
101805,0
106118,1
100897,0
101755,0
103427,0
108716,2
102321,0
108003,1
108873,2
102021,0
106896,1
101224,0
100941,0
106529,1
100567,0
108461,1
106525,1
109211,2
109244,2
107937,1
106541,1
103562,0
105450,1
102365,0
106418,1
109742,2
100281,0
109749,2
103170,0
107557,1
108850,2
104314,0
104815,0
107870,1
106103,1
109354,2
106871,1
101100,0
100405,0
104612,0
105602,1
100336,0
102571,0
102248,0
105381,1
101483,0
108916,2
104582,0
104826,0
107038,1
103206,0
106383,1
105075,1
108012,1
103122,0
108050,1
104517,0
101715,0
104109,0
103585,0
100854,0
104613,0
105590,1
102672,0
100547,0
100203,0
100550,0
102337,0
104769,0
109274,2
104608,0
104718,0
105836,1
107093,1
107155,1
108235,1
109120,2
109083,2
106887,1
103197,0
100544,0
106204,1
109011,2
109262,2
101645,0
101082,0
109445,2
107711,1
103706,0
106700,1
103929,0
106895,1
106412,1
109981,2
105363,1
104172,0
101988,0
106209,1
102054,0
104010,0
101966,0
109476,2
104631,0
103191,0
105704,1
109553,2
102510,0
103156,0
101019,0
100722,0
100356,0
101677,0
109651,2
102950,0
104859,0
104669,0
102793,0
102463,0
106370,1
101542,0
109091,2
108633,2
107163,1
104129,0
104459,0
102213,0
109293,2
102433,0
102617,0
104808,0
100106,0
109287,2
101545,0
108536,2
103418,0
100230,0
103614,0
109805,2
104933,0
103207,0
109820,2
108743,2
106775,1
101464,0
103752,0
108231,1
107794,1
102359,0
107768,1
106945,1
106045,1
103795,0
101140,0
100754,0
107948,1
104885,0
105287,1
103040,0
101085,0
105481,1
109139,2
109432,2
109572,2
102395,0
103653,0
108178,1
101902,0
102844,0
107517,1
106530,1
103846,0
100575,0
102245,0
104246,0
101962,0
107061,1
102007,0
105466,1
106212,1
106217,1
100656,0
107988,1
102564,0
108164,1
105205,1
105878,1
101258,0
101057,0
101000,0
103766,0
109223,2
104054,0
102622,0
104923,0
106514,1
107713,1
101845,0
105044,1
106772,1
109885,2
106010,1
108109,1
103077,0
107085,1
106512,1
109366,2
103095,0
101747,0
109085,2
108842,2
109761,2
106568,1
101167,0
103222,0
103965,0
107631,1
107810,1
108952,2
102043,0
106365,1
102176,0
101030,0
100005,0
105262,1
107654,1
103208,0
102560,0
104242,0
100392,0
100148,0
103777,0
108506,2
105864,1
103658,0
107753,1
107910,1
109394,2
108370,1
103867,0
105616,1
106997,1
107558,1
105754,1
103103,0
101247,0
104945,0
107766,1
101953,0
100802,0
107991,1
108460,1
105539,1
103590,0
102219,0
107848,1
101726,0
108864,2
101254,0
106884,1
107876,1
104530,0
103161,0
100065,0
100609,0
100212,0
103453,0
103542,0
106580,1
104619,0
103555,0
107776,1
107406,1
105777,1
100556,0
105855,1
102909,0
100199,0
108457,1
103451,0
104276,0
101459,0
102501,0
103999,0
103325,0
103598,0
104983,0
109728,2
102763,0
108685,2
101136,0
106237,1
103107,0
107673,1
109281,2
109024,2
103089,0
105515,1
105681,1
108720,2
100480,0
106588,1
107683,1
100517,0
102354,0
106734,1
108130,1
103808,0
102860,0
108330,1
100259,0
103536,0
106024,1
109451,2
106323,1
100427,0
108097,1
103624,0
101889,0
109818,2
103134,0
105326,1
101212,0
105645,1
106328,1
100735,0
103312,0
106594,1
100610,0
104277,0
106171,1
102642,0
108203,1
109187,2
100985,0
103968,0
104039,0
107121,1
100582,0
106847,1
100444,0
100246,0
102084,0
108118,1
104175,0
108733,2
101825,0
108802,2
101263,0
102847,0
109206,2
103691,0
102406,0
103739,0
102552,0
103337,0
105095,1
102187,0
105441,1
105508,1
103913,0
101512,0
102392,0
109331,2
100576,0
108312,1
108602,2
104186,0
100683,0
104926,0
102458,0
101770,0
107071,1
104434,0
108036,1
104924,0
102867,0
101324,0
104177,0
100632,0
108695,2
109075,2
103306,0
105052,1
104598,0
107283,1
101540,0
105061,1
106162,1
108339,1
103944,0
101473,0
105396,1
101658,0
100185,0
106744,1
105224,1
108940,2
100445,0
104629,0
107541,1
105968,1
108582,2
103413,0
100500,0
100580,0
107584,1
101822,0
104047,0
107591,1
109987,2
107879,1
105057,1
104704,0
101500,0
102728,0
109568,2
107458,1
106447,1
106765,1
107256,1
104470,0
108463,1
101896,0
102486,0
105411,1
107065,1
100969,0
101318,0
102227,0
105409,1
107588,1
100035,0
104472,0
102461,0
100947,0
103354,0
105355,1
104036,0
109718,2
104334,0
101153,0
107836,1
108493,1
104380,0
105923,1
106719,1
104100,0
100923,0
106153,1
108719,2
102290,0
101386,0
100529,0
106897,1
100078,0
103450,0
101860,0
104441,0
104760,0
109717,2
106513,1
107426,1
108921,2
109939,2
100145,0
106433,1
107378,1
102685,0
108288,1
103290,0
103485,0
103892,0
108077,1
103722,0
100476,0
101121,0
107983,1
100759,0
100022,0
109046,2
100646,0
106961,1
105760,1
108852,2
100519,0
104313,0
108652,2
104404,0
101227,0
107221,1
103295,0
102975,0
105084,1
100863,0
102171,0
102939,0
107595,1
108621,2
107947,1
101261,0
103668,0
100181,0
102096,0
103578,0
101226,0
100636,0
103314,0
100693,0
105822,1
101908,0
103251,0
103906,0
101029,0
107967,1
104409,0
105317,1
103581,0
109338,2
105889,1
103926,0
105733,1
103970,0
100692,0
102836,0
109313,2
106124,1
107628,1
108111,1
107718,1
109410,2
100460,0
109994,2
104736,0
108608,2
105463,1
102209,0
104068,0
108500,1
104257,0
107567,1
103516,0
105579,1
106350,1
107178,1
109559,2
108389,1
101151,0
108160,1
108697,2
109106,2
109498,2
100252,0
103380,0
107250,1
108487,1
107498,1
109127,2
104548,0
104374,0
103548,0
105155,1
103126,0
104955,0
106483,1
101680,0
101961,0
103393,0
109904,2
108209,1
108197,1
101200,0
100971,0
101828,0
101419,0
107465,1
108358,1
109533,2
107689,1
105873,1
103152,0
103128,0
103033,0
105071,1
107785,1
107156,1
104781,0
106117,1
101090,0
105473,1
108808,2
108131,1
103720,0
106738,1
102994,0
101572,0
102616,0
100778,0
104103,0
107083,1
103175,0
100273,0
109113,2
102517,0
100912,0
104028,0
108805,2
100399,0
103718,0
103063,0
104140,0
107240,1
104706,0
108619,2
100760,0
102820,0
102479,0
100179,0
106223,1
100774,0
109778,2
103276,0
102747,0
101098,0
103059,0
107494,1
100061,0
109160,2
104585,0
109434,2
103138,0
101917,0
105074,1
107755,1
106097,1
107329,1
101912,0
107919,1
103403,0
108237,1
102777,0
109143,2
108901,2
101099,0
103952,0
104256,0
102160,0
104350,0
109733,2
102814,0
102104,0
109060,2
104238,0
108710,2
105874,1
107231,1
102957,0
100849,0
109027,2
106863,1
103131,0
109769,2
104806,0
108829,2
102901,0
101463,0
101330,0
100918,0
101981,0
102811,0
100563,0
105405,1
101060,0
104285,0
104581,0
102774,0
100772,0
105131,1
106029,1
108206,1
108259,1
103741,0
104046,0
101457,0
106390,1
101614,0
100530,0
104649,0
106953,1
101690,0
100137,0
103967,0
101666,0
102604,0
104750,0
102020,0
104050,0
105830,1
100433,0
103283,0
102240,0
101739,0
109156,2
105880,1
102742,0
106701,1
104418,0
100828,0
102925,0
107470,1
107871,1
108826,2
104412,0
109968,2
105658,1
104615,0
104825,0
108599,2
103949,0
104398,0
106593,1
106824,1
103978,0
108321,1
104128,0
101597,0
106129,1
101371,0
102492,0
106026,1
106575,1
103291,0
101255,0
102077,0
101884,0
104687,0
104071,0
104711,0
109551,2
103481,0
109101,2
106894,1
105290,1
106389,1
101134,0
103550,0
106387,1
105845,1
106822,1
105649,1
109856,2
107938,1
104795,0
103744,0
101246,0
101240,0
103243,0
100799,0
105803,1
101769,0
108496,1
102347,0
104663,0
108747,2
104908,0
102759,0
106678,1
103401,0
100481,0
106714,1
108862,2
101865,0
106072,1
101160,0
109134,2
106150,1
104214,0
104007,0
104353,0
109743,2
105393,1
106436,1
104701,0
101391,0
109492,2
101418,0
101567,0
108832,2
101365,0
102766,0
103862,0
105794,1
101835,0
105749,1
103127,0
104083,0
105615,1
108069,1
104163,0
106856,1
104600,0
103330,0
105203,1
109504,2
101772,0
104538,0
109971,2
108570,2
107056,1
103270,0
109406,2
106502,1
108034,1
105199,1
101697,0
102182,0
105143,1
100471,0
104244,0
105005,1
101466,0
103917,0
100426,0
106562,1
104426,0
104865,0
107132,1
108414,1
101322,0
103665,0
105248,1
105744,1
107431,1
106570,1
101221,0
102679,0
107966,1
100153,0
105964,1
101417,0
103976,0
101340,0
107860,1
100020,0
106205,1
105815,1
105660,1
101307,0
100317,0
101176,0
104289,0
109925,2
108920,2
103791,0
108244,1
103630,0
108379,1
100736,0
109862,2
103552,0
107824,1
101904,0
101428,0
100045,0
106224,1
102493,0
108048,1
103684,0
107662,1
100398,0
101619,0
102070,0
106646,1
102580,0
107729,1
100507,0
108987,2
105738,1
104695,0
101409,0
104497,0
105677,1
109329,2
100996,0
106520,1
107123,1
107841,1
108761,2
106004,1
104884,0
106183,1
103767,0
101980,0
101199,0
106858,1
104855,0
106131,1
106110,1
109112,2
102229,0
106271,1
101187,0
100524,0
109464,2
109810,2
102297,0
104331,0
100745,0
105334,1
101014,0
103424,0
100730,0
109825,2
107066,1
107914,1
100718,0
105511,1
105963,1
107814,1
109970,2
103319,0
104720,0
100362,0
102591,0
101012,0
109700,2
104671,0
106967,1
101037,0
105377,1
100492,0
106397,1
104990,0
101216,0
108511,2
104592,0
108576,2
104023,0
100202,0
104442,0
109550,2
108347,1
109456,2
104158,0
101425,0
109526,2
105617,1
108979,2
100942,0
102898,0
108567,2
100763,0
107716,1
107334,1
103196,0
101281,0
107405,1
106955,1
102125,0
107147,1
104413,0
103784,0
109859,2
101535,0
106138,1
103384,0
104758,0
107386,1
104247,0
109586,2
108588,2
108888,2
100832,0
105116,1
100921,0
106104,1
106660,1
109439,2
105246,1
107582,1
105410,1
104838,0
108903,2
100348,0
102519,0
105232,1
105697,1
105354,1
107982,1
104478,0
108057,1
105307,1
103189,0
108302,1
101657,0
106658,1
109482,2
102178,0
106213,1
103184,0
105711,1
109836,2
103082,0
108233,1
108898,2
103179,0
107181,1
104794,0
103592,0
107690,1
106201,1
106518,1
102567,0
109570,2
100352,0
106909,1
105333,1
106238,1
104309,0
102718,0
102082,0
108672,2
106805,1
104452,0
108943,2
106347,1
102965,0
106475,1
100706,0
108552,2
101991,0
104628,0
105434,1
106371,1
103980,0
103549,0
100509,0
103464,0
107617,1
105233,1
108107,1
108731,2
101336,0
100451,0
102191,0
105107,1
105151,1
106768,1
101876,0
106870,1
107456,1
109155,2
100825,0
105067,1
104506,0
109552,2
108561,2
104979,0
104123,0
102040,0
106802,1
101476,0
104150,0
105637,1
105608,1
108054,1
103272,0
105093,1
106881,1
102422,0
106560,1
103935,0
103699,0
105442,1
100979,0
106375,1
102504,0
100535,0
106033,1
108689,2
101399,0
104258,0
102035,0
105200,1
109996,2
104820,0
109275,2
103125,0
106980,1
102037,0
108195,1
105913,1
105227,1
109512,2
101761,0
102527,0
102882,0
104683,0
101945,0
103020,0
108605,2
100525,0
102834,0
104504,0
100599,0
106957,1
102824,0
102236,0
109894,2
108186,1
109128,2
100782,0
101915,0
109116,2
105886,1
100860,0
103631,0
107122,1
103899,0
106992,1
106836,1
106345,1
106164,1
100733,0
106430,1
102410,0
104356,0
105373,1
105313,1
103915,0
109958,2
100673,0
101763,0
105842,1
108108,1
101665,0
101693,0
108395,1
107731,1
105537,1
100765,0
104840,0
109842,2
109405,2
106101,1
108886,2
106270,1
106813,1
105237,1
108606,2
104799,0
102111,0
102993,0
105029,1
104468,0
108517,2
106908,1
108471,1
102725,0
103230,0
105435,1
101851,0
107516,1
107227,1
105469,1
101585,0
100734,0
100990,0
100321,0
104067,0
101911,0
101996,0
102314,0
100882,0
103321,0
107867,1
102547,0
102303,0
109320,2
101013,0
105940,1
102352,0
108479,1
105791,1
107187,1
102328,0
106260,1
100403,0
106976,1
101995,0
105735,1
100455,0
100182,0
107536,1
104940,0
109450,2
107296,1
100239,0
107270,1
108547,2
105161,1
108635,2
109595,2
106246,1
106395,1
102154,0
101566,0
108215,1
100081,0
101366,0
103429,0
109806,2
107733,1
101077,0
100309,0
109485,2
107112,1
105348,1
105743,1
100954,0
107062,1
107089,1
100110,0
105883,1
105598,1
106539,1
102518,0
101083,0
105423,1
105130,1
103367,0
103331,0
105555,1
104063,0
107214,1
100843,0
101964,0
105796,1
106697,1
105915,1
105089,1
101091,0
107002,1
105995,1
106615,1
106317,1
102889,0
108551,2
106974,1
104549,0
102914,0
100216,0
101913,0
104316,0
101185,0
105934,1
102202,0
101609,0
105858,1
103028,0
104190,0
109050,2
106970,1
107976,1
104716,0
105769,1
101363,0
107345,1
104473,0
106726,1
105330,1
105970,1
100217,0
104423,0
109566,2
101762,0
108191,1
101878,0
101866,0
100120,0
109037,2
107642,1
108152,1
108078,1
100316,0
106177,1
100151,0
107180,1
106132,1
109249,2
107265,1
102034,0
108541,2
103682,0
105954,1
108428,1
104572,0
106706,1
105428,1
100728,0
104894,0
106069,1
102420,0
106308,1
103231,0
102779,0
102619,0
100602,0
102334,0
107972,1
101164,0
103346,0
105926,1
109712,2
106049,1
108091,1
106359,1
103495,0
105447,1
109708,2
103188,0
101901,0
101404,0
107179,1
103707,0
109668,2
107175,1
107142,1
102886,0
108272,1
107099,1
105850,1
108711,2
109956,2
103469,0
103123,0
106991,1
100409,0
105605,1
108094,1
108565,2
105134,1
106840,1
105189,1
104308,0
101764,0
108472,1
102709,0
103973,0
101173,0
106047,1
106888,1
101501,0
105779,1
106789,1
108933,2
101587,0
100374,0
101652,0
106354,1
106000,1
102450,0
105654,1
105699,1
105255,1
103076,0
106449,1
109670,2
106791,1
102842,0
103941,0
102674,0
108241,1
107530,1
104601,0
105663,1
102100,0
104810,0
101101,0
106926,1
104477,0
109213,2
103358,0
101467,0
106504,1
108218,1
102756,0
104358,0
102795,0
103004,0
106649,1
102764,0
106154,1
105911,1
100590,0
107534,1
106670,1
106899,1
102629,0
100816,0
104691,0
109535,2
100072,0
108258,1
103307,0
109148,2
105717,1
100840,0
104708,0
104842,0
100844,0
105018,1
100383,0
100558,0
103726,0
104286,0
101957,0
100107,0
106136,1
102363,0
105476,1
108969,2
107263,1
107555,1
101069,0
103482,0
108477,1
108569,2
100560,0
107194,1
100121,0
102123,0
102562,0
103147,0
107282,1
107486,1
103224,0
103974,0
106655,1
107638,1
108167,1
109565,2
102971,0
106656,1
100469,0
107153,1
100226,0
103011,0
108715,2
109079,2
101337,0
102237,0
103101,0
106834,1
102770,0
104870,0
108655,2
109005,2
105691,1
108797,2
109678,2
108971,2
102318,0
104164,0
107687,1
107600,1
103051,0
104792,0
109010,2
105974,1
109514,2
104284,0
107492,1
102113,0
104636,0
109919,2
101196,0
102906,0
104498,0
100866,0
107920,1
102716,0
106624,1
100950,0
102733,0
102697,0
101881,0
106681,1
102185,0
108953,2
101114,0
108970,2
103094,0
107680,1
105996,1
105268,1
104969,0
105497,1
106327,1
105807,1
104958,0
105260,1
105504,1
108073,1
101274,0
109965,2
106915,1
101983,0
108290,1
101900,0
100263,0
101388,0
104132,0
108163,1
107881,1
104654,0
102869,0
105601,1
104225,0
105918,1
103342,0
103812,0
107440,1
109846,2
106196,1
105296,1
104728,0
106285,1
108791,2
107957,1
104156,0
104408,0
108489,1
102783,0
104992,0
108904,2
107106,1
103111,0
107590,1
108373,1
101504,0
103966,0
107128,1
107823,1
108663,2
107374,1
108727,2
107694,1
103181,0
105111,1
105932,1
109752,2
109906,2
108609,2
100578,0
101421,0
102507,0
108042,1
102468,0
101332,0
100313,0
101758,0
105884,1
105931,1
100614,0
102991,0
106219,1
104562,0
100781,0
103445,0
100818,0
104253,0
100621,0
105003,1
109068,2
100868,0
101146,0
104348,0
106250,1
100787,0
108420,1
109028,2
100834,0
102603,0
104016,0
106484,1
105416,1
109227,2
106410,1
102072,0
103940,0
104783,0
102916,0
109009,2
107840,1
107906,1
107337,1
101434,0
101375,0
107688,1
109522,2
108193,1
103526,0
109486,2
107036,1
102549,0
103854,0
101622,0
109687,2
100093,0
101350,0
109963,2
102613,0
109953,2
100168,0
106866,1
107111,1
104633,0
104376,0
109461,2
101304,0
107030,1
108865,2
103749,0
102750,0
103064,0
103781,0
104346,0
107006,1
109799,2
100150,0
107449,1
100964,0
103948,0
109119,2
108964,2
100006,0
103688,0
100180,0
107211,1
106965,1
100750,0
109727,2
106983,1
108074,1
107618,1
107521,1
103861,0
106066,1
100031,0
100396,0
106159,1
106058,1
109657,2
105245,1
104248,0
101507,0
105157,1
100936,0
108256,1
107463,1
102263,0
105359,1
108136,1
104931,0
100109,0
102382,0
108529,2
104281,0
104351,0
107146,1
101946,0
102722,0
102115,0
100368,0
109153,2
103963,0
102825,0
101181,0
109371,2
103840,0
104484,0
100450,0
104665,0
105392,1
105853,1
108993,2
101695,0
102462,0
104447,0
102607,0
104174,0
104137,0
102490,0
100635,0
108994,2
105126,1
101744,0
102258,0
104108,0
100865,0
107457,1
104454,0
104921,0
109073,2
102335,0
109006,2
107297,1
106587,1
103509,0
107573,1
104864,0
109033,2
108985,2
102478,0
100596,0
106141,1
104354,0
106225,1
107667,1
104469,0
101698,0
104575,0
101727,0
107854,1
105516,1
101975,0
105001,1
100910,0
105206,1
105891,1
109141,2
103182,0
107051,1
103165,0
103995,0
103114,0
105149,1
101832,0
104985,0
106222,1
105051,1
100597,0
101132,0
108200,1
105288,1
104771,0
106349,1
109819,2
107865,1
105077,1
104848,0
107278,1
101183,0
100402,0
105036,1
101907,0
108113,1
101127,0
107322,1
107725,1
101302,0
104448,0
108044,1
104006,0
105379,1
105072,1
109098,2
101045,0
102832,0
106676,1
105772,1
102788,0
102715,0
106373,1
105606,1
109839,2
106862,1
108800,2
109686,2
108349,1
102133,0
104018,0
104029,0
100050,0
107980,1
102368,0
108295,1
105764,1
104858,0
101777,0
108304,1
109041,2
109645,2
102157,0
108894,2
104905,0
109984,2
100191,0
102220,0
101165,0
109152,2
105364,1
102126,0
107601,1
106062,1
101424,0
103921,0
104871,0
104390,0
104528,0
105254,1
109897,2
103397,0
101731,0
108580,2
106519,1
107739,1
108038,1
107939,1
102485,0
104192,0
103874,0
101144,0
103443,0
105933,1
108782,2
100441,0
107756,1
101010,0
109398,2
105732,1
100243,0
101679,0
107623,1
109301,2
101533,0
108375,1
105198,1
107578,1
100688,0
100587,0
108512,2
105055,1
106343,1
108939,2
109901,2
102696,0
103896,0
103775,0
100214,0
104963,0
105972,1
106547,1
109747,2
108598,2
109756,2
102963,0
107816,1
105669,1
104264,0
108502,2
102997,0
107702,1
106880,1
109694,2
104437,0
101596,0
102661,0
103132,0
104440,0
108714,2
101435,0
106699,1
100501,0
102551,0
106867,1
109038,2
105833,1
108188,1
101088,0
107203,1
101595,0
101947,0
108814,2
101831,0
106925,1
106261,1
101422,0
100097,0
102884,0
102069,0
104017,0
109004,2
104527,0
101305,0
107186,1
102681,0
103398,0
108911,2
102175,0
108538,2
100245,0
104493,0
102036,0
106463,1
101460,0
105752,1
102378,0
103648,0
106665,1
109782,2
103460,0
100948,0
108299,1
100062,0
108307,1
106741,1
105397,1
102915,0
106684,1
106115,1
105547,1
102025,0
106763,1
102109,0
101671,0
100841,0
108470,1
102546,0
102205,0
100001,0
107020,1
101598,0
102539,0
104236,0
109682,2
103334,0
102088,0
101716,0
109661,2
104914,0
105228,1
100412,0
109979,2
108331,1
106934,1
107324,1
106362,1
106801,1
108253,1
104656,0
107109,1
109228,2
105413,1
105793,1
103919,0
102078,0
103893,0
101396,0
103489,0
100962,0
109225,2
104274,0
109307,2
106381,1
109767,2
105127,1
107993,1
103565,0
101547,0
104567,0
105257,1
103205,0
101643,0
102000,0
104853,0
105083,1
102737,0
104856,0
105181,1
109889,2
103249,0
108424,1
102601,0
105870,1
107016,1
102521,0
105980,1
103594,0
102506,0
107560,1
102333,0
109129,2
106094,1
105088,1
105489,1
108879,2
109776,2
107586,1
104228,0
104790,0
109496,2
102243,0
107341,1
104134,0
104133,0
102998,0
100752,0
102189,0
108680,2
108739,2
103528,0
101306,0
100975,0
103242,0
106787,1
105166,1
107461,1
101373,0
105438,1
106865,1
102871,0
105722,1
109483,2
108353,1
107273,1
107000,1
104738,0
100568,0
100300,0
106116,1
107120,1
102366,0
106800,1
104033,0
107184,1
108384,1
109302,2
104719,0
108129,1
100325,0
101092,0
106711,1
100827,0
100545,0
102002,0
103338,0
104037,0
104230,0
107987,1
108090,1
104420,0
102841,0
107497,1
102124,0
103172,0
105897,1
103864,0
104559,0
108591,2
109928,2
107792,1
101374,0
106537,1
103471,0
107829,1
104111,0
109639,2
106254,1
102449,0
107666,1
102055,0
103604,0
109423,2
103258,0
109960,2
100786,0
101356,0
103093,0
104327,0
105483,1
106710,1
108279,1
109246,2
100559,0
100359,0
102875,0
108081,1
102787,0
102673,0
101299,0
107581,1
105621,1
108181,1
101939,0
104218,0
108447,1
100241,0
102341,0
104302,0
101309,0
108951,2
109911,2
102956,0
103930,0
100307,0
107844,1
105300,1
102331,0
102813,0
102555,0
105190,1
107009,1
109518,2
109433,2
101781,0
100103,0
104112,0
105009,1
102362,0
103697,0
104646,0
107039,1
106165,1
106544,1
105832,1
100796,0
102310,0
102658,0
105244,1
109934,2
100011,0
100375,0
101979,0
109829,2
102357,0
100183,0
103730,0
102903,0
109042,2
108037,1
108161,1
108816,2
106790,1
101941,0
100432,0
109359,2
102061,0
109471,2
101650,0
106687,1
103760,0
108153,1
106498,1
109539,2
108699,2
109696,2
109849,2
107151,1
103608,0
101073,0
109995,2
102289,0
101008,0
101543,0
107300,1
101626,0
108884,2
106139,1
105182,1
103019,0
103724,0
109549,2
103650,0
106807,1
101191,0
108995,2
107510,1
106786,1
109864,2
100920,0
104565,0
102097,0
100583,0
100042,0
106549,1
104824,0
100044,0
109634,2
103280,0
104879,0
101128,0
107383,1
105142,1
103507,0
107698,1
104928,0
105928,1
102663,0
105305,1
106564,1
104265,0
101398,0
101795,0
105030,1
107388,1
105064,1
109850,2
104544,0
104511,0
105730,1
100965,0
100970,0
106680,1
108498,1
100862,0
103827,0
100381,0
107609,1
107960,1
107570,1
107284,1
104344,0
101730,0
101423,0
101537,0
108257,1
100836,0
107473,1
101513,0
103983,0
103392,0
108098,1
105844,1
107847,1
106256,1
105291,1
103780,0
108422,1
102231,0
104574,0
108654,2
106102,1
105436,1
108062,1
106868,1
101292,0
109796,2
101271,0
108199,1
102264,0
103908,0
105568,1
101709,0
101152,0
100677,0
101548,0
109055,2
109224,2
100924,0
109777,2
107428,1
107564,1
104261,0
109591,2
101497,0
107253,1
101178,0
102918,0
107549,1
104188,0
105070,1
107769,1
104081,0
105097,1
109232,2
102301,0
109239,2
108146,1
106265,1
107540,1
105303,1
101357,0
107095,1
105809,1
105041,1
109562,2
108240,1
105814,1
106142,1
100002,0
102843,0
107177,1
108265,1
102590,0
104479,0
107350,1
102936,0
102541,0
103713,0
100083,0
103768,0
103714,0
101041,0
107102,1
108028,1
103470,0
104445,0
100634,0
101550,0
104429,0
106993,1
105907,1
102169,0
108827,2
101009,0
105556,1
109326,2
109179,2
103532,0
105309,1
105603,1
109335,2
105235,1
101743,0
103609,0
101141,0
106443,1
103168,0
108658,2
101518,0
107661,1
106008,1
104653,0
105707,1
106761,1
107149,1
100516,0
101859,0
102234,0
105505,1
104739,0
105894,1
105536,1
106723,1
106155,1
100513,0
102794,0
105050,1
108147,1
104982,0
101034,0
104630,0
104211,0
107398,1
109449,2
102288,0
105594,1
105630,1
107407,1
104862,0
109607,2
103998,0
109515,2
105529,1
107933,1
104793,0
100250,0
102151,0
109563,2
105535,1
107676,1
102059,0
104668,0
104847,0
104455,0
101815,0
103660,0
104849,0
102004,0
103657,0
101775,0
101623,0
102719,0
103607,0
103605,0
103737,0
104829,0
104764,0
101345,0
107054,1
100415,0
102027,0
103149,0
108594,2
107646,1
108746,2
109214,2
102855,0
105919,1
104352,0
101243,0
103564,0
104485,0
107295,1
105427,1
107751,1
102781,0
100569,0
105422,1
101129,0
108820,2
102065,0
104263,0
104617,0
107528,1
101576,0
103735,0
109644,2
103032,0
101162,0
101837,0
104756,0
109487,2
101895,0
106889,1
104733,0
103432,0
100893,0
103843,0
104465,0
103493,0
101402,0
104901,0
101215,0
102826,0
100665,0
105939,1
100904,0
103442,0
100129,0
108011,1
109428,2
108032,1
103001,0
109298,2
104780,0
105138,1
107133,1
106363,1
105676,1
100643,0
104537,0
104746,0
104606,0
104607,0
106984,1
109342,2
101668,0
105454,1
101707,0
107442,1
104717,0
104876,0
103294,0
105090,1
104155,0
106392,1
104433,0
108870,2
109536,2
101021,0
101130,0
104061,0
108783,2
108179,1
104136,0
100788,0
100496,0
102295,0
108286,1
101990,0
108156,1
109560,2
109030,2
108095,1
107373,1
104821,0
102655,0
102579,0
108918,2
109430,2
106666,1
104219,0
103567,0
105543,1
100267,0
106321,1
103883,0
105976,1
105671,1
102361,0
100858,0
106163,1
106477,1
103698,0
105480,1
105391,1
101766,0
101778,0
109463,2
107077,1
109643,2
102425,0
109766,2
106754,1
105256,1
101602,0
103617,0
107464,1
105222,1
108277,1
103517,0
108137,1
104460,0
106448,1
107802,1
106396,1
108418,1
107789,1
108647,2
102858,0
102247,0
102605,0
105910,1
105103,1
102586,0
106601,1
109637,2
102865,0
106090,1
106167,1
108705,2
103702,0
107462,1
107839,1
104298,0
101819,0
100027,0
109277,2
100164,0
105492,1
107092,1
103774,0
103544,0
109328,2
107996,1
106144,1
106740,1
100680,0
109337,2
109378,2
105493,1
104877,0
106540,1
105544,1
100247,0
103062,0
101603,0
104259,0
100024,0
108772,2
104001,0
102664,0
103950,0
103317,0
106750,1
105999,1
101517,0
109318,2
105040,1
104307,0
104936,0
109721,2
109508,2
105349,1
102401,0
109193,2
102790,0
109975,2
103566,0
100534,0
100647,0
101120,0
109088,2
104778,0
101629,0
108223,1
105426,1
102197,0
105478,1
104832,0
109732,2
101736,0
100817,0
108252,1
102996,0
109680,2
101278,0
101551,0
100957,0
107812,1
105128,1
101372,0
101636,0
105144,1
106516,1
107981,1
100667,0
101992,0
105753,1
101445,0
109494,2
106262,1
101105,0
102924,0
109172,2
104604,0
104283,0
103080,0
104053,0
105882,1
105011,1
107563,1
108121,1
107580,1
103472,0
107941,1
102954,0
105847,1
108456,1
102330,0
103007,0
106688,1
109936,2
104145,0
100207,0
107744,1
104065,0
100708,0
105133,1
109627,2
105960,1
100994,0
102092,0
108818,2
102132,0
107150,1
106134,1
100354,0
107503,1
108532,2
104974,0
104737,0
101341,0
103195,0
104384,0
100380,0
105937,1
102152,0
105193,1
101001,0
107460,1
101184,0
100777,0
101853,0
103962,0
108774,2
107170,1
107286,1
108883,2
107855,1
102274,0
103406,0
100293,0
103743,0
107923,1
106523,1
105295,1
106937,1
109854,2
103801,0
105386,1
109285,2
109768,2
102112,0
109484,2
106584,1
103642,0
107491,1
107959,1
109544,2
105973,1
104787,0
105094,1
106485,1
105323,1
102624,0
103433,0
105724,1
100548,0
101771,0
100829,0
105076,1
105820,1
106640,1
103852,0
109427,2
101348,0
107114,1
100794,0
106329,1
104243,0
107508,1
103889,0
103436,0
100810,0
107206,1
106057,1
102893,0
103025,0
100899,0
108189,1
105319,1
109804,2
105720,1
106493,1
106140,1
104425,0
100323,0
109362,2
103329,0
102968,0
105484,1
102919,0
100221,0
105196,1
107007,1
107728,1
100669,0
102086,0
109393,2
104201,0
100039,0
100144,0
101321,0
103708,0
104532,0
107025,1
103074,0
109792,2
108840,2
101802,0
103825,0
101067,0
100278,0
106930,1
102574,0
100256,0
100013,0
103855,0
106796,1
106411,1
105106,1
109052,2
107303,1
107951,1
100385,0
100087,0
109618,2
109391,2
107828,1
101633,0
100504,0
102973,0
100170,0
103235,0
107260,1
102587,0
104364,0
109621,2
102821,0
103504,0
101807,0
106922,1
101490,0
100064,0
102651,0
102522,0
103216,0
108490,1
101380,0
104494,0
101172,0
106264,1
108151,1
103954,0
107349,1
104003,0
108586,2
108017,1
107234,1
108283,1
100674,0
106100,1
109558,2
101308,0
102797,0
102447,0
107900,1
107872,1
103323,0
103476,0
101728,0
103085,0
105315,1
106561,1
107931,1
103785,0
103543,0
103455,0
106421,1
101150,0
107915,1
107887,1
108393,1
107917,1
107063,1
107908,1
102589,0
108956,2
100538,0
104049,0
106031,1
109226,2
104341,0
107031,1
101397,0
105382,1
101568,0
104667,0
107574,1
107875,1
100223,0
102179,0
109628,2
103415,0
104597,0
109760,2
101275,0
100705,0
105389,1
102484,0
105258,1
108630,2
109692,2
101155,0
103560,0
101050,0
104888,0
105701,1
105286,1
104162,0
100648,0
103237,0
104377,0
107474,1
107246,1
104569,0
102405,0
107963,1
100264,0
101934,0
109704,2
107520,1
109714,2
103681,0
104183,0
106291,1
100612,0
108468,1
109722,2
105837,1
104742,0
107392,1
104113,0
103437,0
109404,2
105610,1
106641,1
107686,1
105912,1
100473,0
103527,0
101965,0
102905,0
106610,1
105477,1
109545,2
104524,0
101032,0
109008,2
100261,0
105767,1
102649,0
103912,0
100968,0
107826,1
104508,0
106439,1
104179,0
106310,1
108263,1
102396,0
109676,2
100177,0
103936,0
103369,0
108787,2
101480,0
100770,0
107452,1
104594,0
108792,2
101381,0
105159,1
105811,1
107050,1
103860,0
101344,0
102094,0
100878,0
100671,0
101125,0
106226,1
101223,0
107213,1
102376,0
108798,2
101401,0
101310,0
108289,1
104234,0
107985,1
109311,2
104320,0
100837,0
109826,2
104786,0
109874,2
100255,0
103256,0
103878,0
107277,1
100855,0
107148,1
109312,2
104501,0
101347,0
104195,0
104035,0
108039,1
106662,1
107027,1
100269,0
100159,0
106668,1
102196,0
100870,0
109582,2
102165,0
104540,0
100126,0
107141,1
103214,0
100784,0
104135,0
102827,0
105000,0
104098,0
102424,0
103106,0
102488,0
100266,0
106467,1
103683,0
106869,1
103150,0
101108,0
100655,0
102495,0
102087,0
100466,0
103375,0
103229,0
109564,2
107858,1
106470,1
102854,0
108781,2
104906,0
103360,0
105985,1
108729,2
101159,0
102599,0
105263,1
107990,1
102699,0
109978,2
107139,1
105293,1
109633,2
103390,0
104121,0
101994,0
109998,2
109304,2
100277,0
108140,1
108575,2
106356,1
103030,0
107798,1
100790,0
107958,1
101720,0
107653,1
106776,1
107813,1
101700,0
107437,1
106621,1
104561,0
100294,0
107542,1
102528,0
101888,0
109502,2
100901,0
106859,1
108099,1
103755,0
104892,0
108776,2
101601,0
102042,0
107593,1
107857,1
103923,0
105060,1
107236,1
107743,1
103273,0
108688,2
101112,0
101290,0
108836,2
103381,0
106385,1
106900,1
103826,0
108669,2
108394,1
100640,0
102727,0
107518,1
108007,1
102600,0
101044,0
107787,1
106228,1
100857,0
103108,0
109245,2
101924,0
106536,1
107832,1
101017,0
105887,1
100260,0
103553,0
104622,0
108515,2
109415,2
104996,0
100463,0
103839,0
104254,0
109574,2
108285,1
101713,0
106634,1
103239,0
100490,0
109957,2
106121,1
104765,0
107873,1
100318,0
109231,2
108553,2
109188,2
107912,1
105042,1
102752,0
109111,2
105430,1
101729,0
107655,1
108810,2
102339,0
106268,1
105994,1
103757,0
101046,0
103141,0
101143,0
100894,0
109372,2
101080,0
109044,2
105308,1
109683,2
101075,0
108648,2
108896,2
100850,0
109684,2
102640,0
109070,2
109150,2
108661,2
106374,1
107969,1
104997,0
104167,0
100448,0
107877,1
109844,2
103534,0
104535,0
109468,2
105553,1
102327,0
107526,1
101403,0
105451,1
107706,1
102194,0
102391,0
104114,0
104902,0
101821,0
103740,0
100833,0
106251,1
101026,0
101824,0
107402,1
109876,2
100287,0
100130,0
107945,1
100234,0
101745,0
107325,1
102849,0
104959,0
100139,0
106459,1
105360,1
104942,0
104833,0
100377,0
106236,1
102183,0
107995,1
104520,0
109537,2
108284,1
107799,1
108155,1
105113,1
106079,1
100684,0
107459,1
102210,0
107105,1
103882,0
105038,1
104301,0
100174,0
101552,0
105785,1
109123,2
100152,0
103761,0
105766,1
104080,0
108337,1
109077,2
109672,2
105172,1
101369,0
101300,0
100991,0
106252,1
104775,0
101982,0
103009,0
108027,1
100539,0
100642,0
103490,0
101660,0
101882,0
105023,1
108446,1
100337,0
101326,0
108293,1
106303,1
105335,1
103618,0
104084,0
106442,1
102785,0
103166,0
100066,0
108087,1
109058,2
101541,0
107796,1
104024,0
104673,0
104223,0
101920,0
106962,1
109000,2
103742,0
106673,1
109554,2
104930,0
101676,0
106377,1
109648,2
105096,1
109723,2
108546,2
109074,2
108481,1
100351,0
105702,1
106979,1
107439,1
107444,1
107086,1
102141,0
101839,0
101063,0
102270,0
109955,2
100355,0
104523,0
103695,0
102544,0
101722,0
102680,0
104899,0
102466,0
100933,0
103601,0
102073,0
105459,1
108611,2
105846,1
103611,0
101711,0
101556,0
108831,2
109421,2
105019,1
101228,0
106006,1
107500,1
100773,0
102253,0
102632,0
107380,1
104143,0
103192,0
105758,1
102134,0
109679,2
106174,1
109581,2
102948,0
100949,0
103765,0
108049,1
108559,2
108273,1
108172,1
102255,0
105507,1
109879,2
101759,0
101270,0
104722,0
104138,0
100283,0
105137,1
107724,1
103027,0
103501,0
104542,0
105176,1
102554,0
100098,0
109381,2
105561,1
105068,1
100052,0
100079,0
103119,0
100756,0
102342,0
102052,0
100527,0
108401,1
106098,1
104146,0
109974,2
104796,0
103129,0
102283,0
109297,2
109135,2
107532,1
104148,0
102364,0
107292,1
105419,1
101353,0
102626,0
101007,0
101096,0
101426,0
103634,0
103332,0
101395,0
107598,1
104453,0
108364,1
102967,0
101784,0
108138,1
109624,2
106785,1
105344,1
106527,1
102268,0
103960,0
109973,2
104206,0
108311,1
105578,1
106351,1
101768,0
100768,0
105763,1
106543,1
100952,0
102232,0
109322,2
103339,0
102635,0
106853,1
102534,0
106157,1
105114,1
107553,1
101892,0
109062,2
105686,1
103894,0
104197,0
106704,1
109764,2
109205,2
105115,1
100670,0
107682,1
105988,1
102218,0
109944,2
109789,2
108675,2
104632,0
109131,2
109924,2
105778,1
101049,0
109872,2
106841,1
109197,2
102531,0
102304,0
101969,0
103693,0
100211,0
101634,0
104144,0
102945,0
106598,1
106456,1
108251,1
104079,0
106267,1
109176,2
109357,2
104142,0
100908,0
109347,2
106235,1
103083,0
108035,1
108849,2
102598,0
100074,0
109673,2
106107,1
104545,0
109412,2
106415,1
107032,1
103267,0
107762,1
109609,2
107447,1
106936,1
109345,2
102714,0
109305,2
107821,1
109884,2
102923,0
109945,2
106812,1
107730,1
109269,2
106312,1
108892,2
109149,2
108917,2
100977,0
104747,0
101519,0
108601,2
108372,1
106578,1
103513,0
109726,2
103257,0
100116,0
103274,0
103514,0
106947,1
106661,1
106244,1
109478,2
109368,2
100767,0
102285,0
109949,2
107320,1
105069,1
108204,1
102978,0
105523,1
104085,0
104763,0
109871,2
101857,0
101741,0
104082,0
102934,0
108436,1
106046,1
102031,0
108453,1
104492,0
103984,0
102920,0
106280,1
103582,0
100376,0
102008,0
102548,0
100565,0
103041,0
108399,1
109658,2
102324,0
105943,1
101335,0
105959,1
101510,0
106932,1
102415,0
102038,0
108478,1
102523,0
109250,2
100434,0
103987,0
100322,0
101872,0
105588,1
102748,0
105583,1
101047,0
101796,0
100319,0
101472,0
105092,1
104516,0
101958,0
106073,1
102428,0
106290,1
103725,0
100421,0
100856,0
106170,1
106622,1
106773,1
104122,0
108122,1
100629,0
104647,0
104428,0
108033,1
107822,1
104881,0
107088,1
104967,0
107327,1
105903,1
103448,0
101364,0
101484,0
102472,0
105118,1
108977,2
108480,1
100262,0
105406,1
102558,0
103456,0
106669,1
101297,0
108726,2
108713,2
102291,0
101689,0
103303,0
104951,0
108877,2
107531,1
105125,1
105524,1
106055,1
104989,0
103088,0
101993,0
108365,1
105340,1
106933,1
100312,0
109146,2
109847,2
103794,0
106125,1
106628,1
103868,0
109095,2
108416,1
101312,0
108801,2
106214,1
106804,1
100237,0
102530,0
107201,1
104690,0
101208,0
100871,0
101564,0
108120,1
107632,1
105488,1
107312,1
108701,2
100584,0
103675,0
104194,0
104655,0
109436,2
109446,2
105563,1
103180,0
107422,1
100511,0
104623,0
104051,0
107804,1
108707,2
106966,1
101959,0
100422,0
107525,1
108459,1
105865,1
106844,1
105365,1
100295,0
101377,0
101721,0
108857,2
103293,0
103788,0
109243,2
106423,1
104278,0
103068,0
107720,1
107276,1
106522,1
104770,0
104303,0
106489,1
104009,0
105526,1
108434,1
104889,0
107707,1
100716,0
105750,1
106187,1
106730,1
107579,1
108297,1
109376,2
101071,0
108767,2
107353,1
105625,1
108019,1
101699,0
104220,0
108860,2
109922,2
103872,0
108505,2
100649,0
109677,2
109109,2
101737,0
106431,1
104086,0
107046,1
106051,1
107552,1
107943,1
101999,0
104900,0
109288,2
101113,0
108668,2
106767,1
100125,0
103500,0
103961,0
109081,2
105519,1
100681,0
106015,1
100165,0
102717,0
102710,0
104449,0
104160,0
101382,0
104802,0
109843,2
101877,0
101836,0
100298,0
100789,0
108596,2
107784,1
104978,0
100071,0
109007,2
101328,0
102705,0
100099,0
102738,0
106075,1
103353,0
104872,0
108834,2
103155,0
106501,1
100242,0
104199,0
102143,0
106630,1
105452,1
102269,0
108360,1
101412,0
105819,1
106626,1
106151,1
103308,0
101004,0
100819,0
103616,0
108683,2
105705,1
106077,1
103803,0
103841,0
103558,0
101285,0
108452,1
103204,0
107298,1
100803,0
103994,0
102611,0
100227,0
104890,0
106528,1
100026,0
105351,1
102048,0
107229,1
107197,1
103955,0
108706,2
104836,0
104250,0
102282,0
108629,2
100601,0
108444,1
100210,0
103227,0
109341,2
101436,0
102866,0
103723,0
109594,2
101163,0
107902,1
102789,0
108876,2
103799,0
108574,2
103932,0
102170,0
101546,0
109813,2
107732,1
107896,1
105557,1
104323,0
104269,0
108665,2
105187,1
108221,1
103067,0
101453,0
107703,1
108595,2
102163,0
105967,1
106052,1
106639,1
101444,0
109720,2
107825,1
100553,0
109830,2
103324,0
100404,0
108638,2
106438,1
102731,0
107189,1
103389,0
104727,0
108100,1
105168,1
106716,1
109948,2
107097,1
108055,1
101852,0
101359,0
101287,0
104947,0
108615,2
107913,1
106762,1
109500,2
108637,2
109045,2
101871,0
105790,1
101843,0
105784,1
104689,0
101814,0
103595,0
107034,1
103363,0
109985,2
104526,0
105662,1
101003,0
103711,0
101168,0
100289,0
104961,0
102414,0
106064,1
108329,1
109606,2
108345,1
106585,1
100271,0
105170,1
109118,2
109373,2
105527,1
107268,1
105771,1
106707,1
102524,0
101124,0
107635,1
104430,0
102315,0
103920,0
107936,1
105570,1
106583,1
103620,0
105384,1
102380,0
108266,1
103084,0
102452,0
101686,0
103446,0
104954,0
105015,1
109917,2
107909,1
102275,0
100797,0
106554,1
109202,2
104788,0
109531,2
102412,0
108998,2
103802,0
103130,0
109613,2
108356,1
105679,1
106333,1
100188,0
106558,1
105336,1
109598,2
109529,2
106695,1
107757,1
106653,1
108247,1
102358,0
105825,1
105831,1
103049,0
100783,0
109946,2
108201,1
102351,0
105693,1
100981,0
107477,1
100017,0
101293,0
102481,0
109612,2
100390,0
104801,0
107572,1
109858,2
102177,0
105618,1
104168,0
109241,2
103024,0
101327,0
106082,1
109137,2
105236,1
108165,1
107869,1
102017,0
106451,1
107264,1
109198,2
107701,1
108759,2
100393,0
103644,0
104139,0
108216,1
108403,1
107527,1
109264,2
106338,1
100978,0
106636,1
100290,0
104956,0
109573,2
100178,0
103408,0
100852,0
108369,1
108208,1
103301,0
100147,0
102262,0
105640,1
107304,1
108645,2
108282,1
103992,0
106074,1
104330,0
101002,0
100606,0
101213,0
108173,1
107261,1
100485,0
107346,1
107190,1
101446,0
106499,1
109827,2
102583,0
109441,2
101477,0
108976,2
102682,0
109002,2
104767,0
108938,2
106190,1
105813,1
106803,1
107764,1
107222,1
109402,2
100458,0
100922,0
104451,0
106169,1
107754,1
106030,1
101776,0
103144,0
108315,1
107169,1
103117,0
105341,1
101139,0
100134,0
102946,0
107376,1
104576,0
107949,1
108383,1
102346,0
104986,0
105194,1
105242,1
104287,0
109663,2
104255,0
106298,1
104611,0
102108,0
106123,1
102203,0
107244,1
103431,0
106413,1
109641,2
106612,1
105445,1
105746,1
106755,1
106975,1
101955,0
109364,2
106816,1
101919,0
107747,1
108183,1
107339,1
100780,0
107842,1
105852,1
103271,0
109688,2
105495,1
100645,0
108413,1
109664,2
103511,0
107691,1
102880,0
108449,1
107090,1
101087,0
103029,0
104431,0
100411,0
107129,1
100847,0
106864,1
107637,1
104634,0
101469,0
104725,0
101656,0
109477,2
104583,0
108350,1
108872,2
102136,0
104580,0
105945,1
108760,2
104171,0
104702,0
104198,0
101137,0
106739,1
109913,2
101685,0
100811,0
104014,0
101202,0
102630,0
102947,0
106471,1
101440,0
109190,2
108239,1
108287,1
104918,0
108438,1
101142,0
101987,0
107343,1
105680,1
106279,1
106886,1
109786,2
105533,1
102614,0
108386,1
109602,2
107970,1
108893,2
100132,0
106188,1
107338,1
101147,0
109821,2
102174,0
100961,0
109788,2
108127,1
108974,2
109132,2
107249,1
103613,0
104798,0
106184,1
108342,1
104239,0
102940,0
101559,0
102538,0
100915,0
105953,1
107318,1
100135,0
106987,1
108159,1
101558,0
102686,0
103218,0
108690,2
109431,2
104057,0
106648,1
101627,0
104946,0
109035,2
107419,1
104638,0
100301,0
101705,0
105987,1
102026,0
109282,2
101846,0
108366,1
100895,0
109895,2
108616,2
106618,1
100761,0
108158,1
106672,1
109265,2
102861,0
109215,2
102498,0
107782,1
103510,0
109411,2
108443,1
100678,0
103087,0
105264,1
104337,0
100091,0
107758,1
100077,0
100484,0
103918,0
105221,1
109154,2
105567,1
106746,1
103876,0
104070,0
103234,0
105627,1
102418,0
100995,0
107783,1
109675,2
100598,0
104839,0
101126,0
104038,0
104184,0
100407,0
103269,0
102067,0
101856,0
104159,0
105599,1
109336,2
101569,0
103364,0
109967,2
103622,0
108030,1
103873,0
108040,1
105241,1
107551,1
107741,1
107851,1
109203,2
100873,0
103870,0
103751,0
109266,2
103018,0
108071,1
104697,0
107507,1
104883,0
105369,1
102120,0
105881,1
108620,2
100357,0
107281,1
100633,0
106978,1
102228,0
105366,1
107928,1
107539,1
106619,1
108744,2
102332,0
105289,1
108521,2
107028,1
104027,0
104335,0
106782,1
103606,0
101748,0
101420,0
100400,0
100518,0
106437,1
103139,0
105721,1
102190,0
102563,0
109191,2
101145,0
100537,0
107330,1
101712,0
103409,0
106341,1
103361,0
100775,0
103652,0
101571,0
104966,0
109887,2
104835,0
104191,0
109626,2
107434,1
102286,0
105666,1
108972,2
108730,2
107717,1
105403,1
105211,1
105643,1
105584,1
109472,2
107416,1
105210,1
109506,2
100508,0
105696,1
105378,1
108839,2
109783,2
102018,0
105387,1
105952,1
103441,0
100080,0
101188,0
107467,1
109174,2
104558,0
105646,1
103597,0
100552,0
101918,0
109507,2
101592,0
101808,0
109750,2
109513,2
105639,1
105346,1
102921,0
106013,1
108946,2
109196,2
109779,2
106278,1
109276,2
107964,1
106386,1
108425,1
106168,1
101006,0
109882,2
106344,1
105955,1
101170,0
105007,1
103151,0
104696,0
102385,0
101933,0
107735,1
104091,0
109926,2
104637,0
100594,0
102513,0
102369,0
103185,0
109443,2
107017,1
108497,1
102360,0
103177,0
108056,1
106907,1
105664,1
100824,0
103559,0
107514,1
102159,0
101803,0
108088,1
102015,0
102500,0
102355,0
109964,2
109523,2
106642,1
103070,0
105713,1
101502,0
100482,0
106192,1
102818,0
103458,0
103529,0
101583,0
102474,0
101291,0
100608,0
108106,1
101180,0
108300,1
108248,1
100149,0
105197,1
104519,0
106602,1
109163,2
107359,1
103762,0
106613,1
109578,2
103858,0
108890,2
108856,2
108859,2
104584,0
107401,1
101752,0
100619,0
107721,1
108825,2
100063,0
104458,0
103804,0
106488,1
103865,0
108458,1
103705,0
100075,0
109447,2
103145,0
102969,0
109015,2
109096,2
108433,1
100345,0
103263,0
103621,0
108927,2
100905,0
104841,0
109781,2
105467,1
105901,1
100499,0
108374,1
109455,2
107436,1
109740,2
105458,1
105002,1
100105,0
103727,0
101284,0
104964,0
108634,2
105158,1
104040,0
106555,1
108492,1
106599,1
102336,0
109577,2
109812,2
105759,1
109656,2
106426,1
105145,1
106172,1
109666,2
102896,0
109254,2
100286,0
109080,2
108812,2
103809,0
103533,0
105400,1
105219,1
101978,0
102922,0
109184,2
100845,0
102902,0
105012,1
107935,1
105866,1
100751,0
105694,1
106206,1
105195,1
101465,0
108400,1
106873,1
106819,1
107427,1
109890,2
106643,1
100067,0
104659,0
100270,0
101773,0
106650,1
100986,0
101148,0
105156,1
108752,2
103275,0
104896,0
106702,1
105327,1
101333,0
106645,1
109488,2
108142,1
104005,0
108981,2
108380,1
105728,1
103958,0
107501,1
105798,1
104369,0
100726,0
103964,0
103838,0
104209,0
106876,1
102868,0
104553,0
106469,1
102848,0
106185,1
105695,1
109479,2
106199,1
106127,1
105682,1
105656,1
102057,0
103591,0
103989,0
104076,0
108031,1
102233,0
108779,2
102199,0
102890,0
104521,0
108296,1
102831,0
100697,0
100579,0
107199,1
106682,1
102402,0
105184,1
100717,0
100284,0
109754,2
104131,0
108053,1
104221,0
102819,0
107978,1
101844,0
107451,1
103649,0
103990,0
108316,1
100806,0
108474,1
102812,0
100620,0
100036,0
103635,0
105877,1
101691,0
102267,0
103420,0
108718,2
100059,0
109797,2
109845,2
103637,0
105275,1
109256,2
102374,0
105731,1
108878,2
104393,0
108604,2
109751,2
100861,0
104311,0
108786,2
105465,1
104406,0
100712,0
100703,0
102809,0
101869,0
109069,2
104169,0
101841,0
102344,0
105993,1
105839,1
107678,1
108267,1
103903,0
108072,1
106245,1
106301,1
109470,2
100288,0
100491,0
101696,0
106722,1
104227,0
109240,2
102782,0
104182,0
101294,0
102879,0
106683,1
101441,0
102429,0
100189,0
100306,0
107658,1
108584,2
100197,0
107033,1
106479,1
105383,1
103535,0
108421,1
105152,1
102637,0
104616,0
108089,1
108527,2
102016,0
108530,2
107226,1
101898,0
108051,1
103996,0
109707,2
106067,1
108902,2
100831,0
100720,0
107269,1
108649,2
100493,0
101236,0
100332,0
101384,0
106534,1
107538,1
104682,0
107781,1
108887,2
109585,2
106486,1
107726,1
102749,0
106531,1
101450,0
105648,1
104500,0
103572,0
105479,1
107684,1
103488,0
107989,1
103818,0
102913,0
108686,2
102201,0
105361,1
101033,0
104439,0
107073,1
101974,0
100274,0
106408,1
105486,1
105751,1
105672,1
101360,0
105719,1
100555,0
100911,0
101960,0
105446,1
107723,1
100133,0
105066,1
108676,2
100224,0
109125,2
103800,0
107603,1
104048,0
108340,1
100128,0
105372,1
104115,0
103343,0
106388,1
102776,0
105086,1
100551,0
100387,0
108352,1
109841,2
103292,0
105585,1
104891,0
103633,0
107210,1
108412,1
106296,1
100419,0
104648,0
108462,1
104495,0
102256,0
104854,0
105031,1
102011,0
102439,0
109199,2
104030,0
105272,1
108187,1
103732,0
107144,1
103937,0
101470,0
102252,0
107864,1
105306,1
106300,1
104828,0
100846,0
104026,0
104015,0
109521,2
108698,2
106581,1
106180,1
109745,2
103497,0
104744,0
109442,2
102734,0
103405,0
107119,1
100664,0
101838,0
101231,0
102729,0
107901,1
105541,1
101579,0
105412,1
100327,0
104645,0
106764,1
105631,1
101909,0
104932,0
104639,0
104568,0
104952,0
108465,1
106407,1
107466,1
104176,0
101526,0
109332,2
109532,2
107026,1
106083,1
101266,0
105673,1
104518,0
103733,0
108390,1
105153,1
107024,1
108009,1
102511,0
103250,0
104189,0
100437,0
103079,0
105431,1
104755,0
109399,2
102470,0
108919,2
108556,2
109102,2
107956,1
101647,0
103771,0
105192,1
106295,1
102444,0
101078,0
101133,0
105518,1
101331,0
104271,0
104822,0
105966,1
104094,0
100156,0
103233,0
100600,0
108694,2
104721,0
103110,0
107481,1
101688,0
101813,0
108323,1
100953,0
105857,1
109374,2
107681,1
109724,2
101346,0
106417,1
109695,2
103939,0
101496,0
109619,2
105727,1
101054,0
100314,0
109438,2
109814,2
101701,0
108005,1
109851,2
103947,0
104977,0
103819,0
104981,0
103638,0
107075,1
109108,2
103922,0
102791,0
103845,0
102958,0
108013,1
102009,0
105404,1
103822,0
106324,1
106778,1
106120,1
103677,0
106216,1
102609,0
105780,1
102712,0
107994,1
108741,2
100651,0
105140,1
102823,0
106473,1
106956,1
106061,1
106229,1
109893,2
104215,0
108182,1
109358,2
100315,0
103641,0
104846,0
107272,1
100744,0
108863,2
107524,1
106901,1
106240,1
109642,2
109440,2
100100,0
103782,0
107323,1
106954,1
102659,0
106579,1
103568,0
103348,0
105788,1
108640,2
106269,1
103454,0
108899,2
102403,0
108996,2
103268,0
105356,1
109706,2
105559,1
106336,1
103015,0
105109,1
101503,0
102313,0
103163,0
104095,0
104363,0
107770,1
101600,0
102778,0
102751,0
108765,2
107727,1
109647,2
107438,1
104685,0
100570,0
105854,1
107332,1
108157,1
100468,0
103133,0
109403,2
109746,2
107630,1
103118,0
108230,1
108278,1
104020,0
104980,0
103254,0
103210,0
102322,0
100113,0
109999,2
100771,0
100531,0
104660,0
107641,1
101405,0
102164,0
102098,0
108535,2
108960,2
107313,1
104077,0
103281,0
103428,0
100830,0
106969,1
100743,0
108986,2
109962,2
108651,2
104290,0
107566,1
102198,0
102106,0
102798,0
106745,1
108889,2
102726,0
100162,0
104022,0
107778,1
109147,2
104318,0
101011,0
103587,0
101655,0
105569,1
108430,1
106143,1
103426,0
100668,0
102708,0
103701,0
109409,2
101070,0
106849,1
107480,1
101610,0
106039,1
100420,0
107079,1
102446,0
104694,0
105843,1
109828,2
100201,0
102980,0
103793,0
107644,1
106462,1
104092,0
105828,1
107853,1
100430,0
107070,1
103296,0
109207,2
101830,0
103326,0
107512,1
107533,1
102816,0
107483,1
103704,0
102677,0
109043,2
108448,1
109517,2
104789,0
103848,0
100302,0
106378,1
104392,0
105496,1
106358,1
106505,1
108537,2
100251,0
102938,0
102505,0
108737,2
102375,0
105958,1
102068,0
100171,0
102760,0
108988,2
100741,0
107021,1
100424,0
104365,0
109389,2
105401,1
108518,2
105868,1
104279,0
100900,0
101936,0
103091,0
102249,0
101237,0
102208,0
106208,1
109022,2
107188,1
100740,0
101265,0
101201,0
101573,0
107082,1
105823,1
107044,1
106827,1
100769,0
107921,1
102471,0
105930,1
100666,0
103647,0
105261,1
103674,0
102014,0
103982,0
105282,1
100069,0
102575,0
109392,2
105475,1
107696,1
100184,0
106500,1
104587,0
105132,1
101109,0
108357,1
108305,1
105596,1
101692,0
105214,1
108096,1
108397,1
100428,0
107118,1
105678,1
107230,1
106638,1
107087,1
107925,1
109459,2
103863,0
100676,0
103580,0
106304,1
107433,1
101115,0
109914,2
107360,1
101516,0
105531,1
106625,1
106416,1
106686,1
105048,1
108724,2
106035,1
107328,1
104614,0
101667,0
107042,1
109815,2
108476,1
100299,0
108021,1
103887,0
101040,0
106679,1
102419,0
103957,0
109758,2
105965,1
108150,1
100867,0
101932,0
103244,0
104370,0
101197,0
106281,1
109784,2
108004,1
109534,2
109248,2
102340,0
106126,1
106817,1
101611,0
107529,1
108086,1
106465,1
102482,0
108795,2
104564,0
104322,0
106481,1
108693,2
107307,1
100330,0
105647,1
104805,0
101430,0
106861,1
104657,0
100015,0
109977,2
100874,0
108020,1
108101,1
100028,0
103531,0
108806,2
108712,2
109229,2
107432,1
104610,0
101738,0
105358,1
107693,1
103914,0
106548,1
109454,2
103569,0
104768,0
106361,1
100573,0
102753,0
108891,2
101560,0
104988,0
109625,2
107649,1
108112,1
103042,0
104073,0
102786,0
108482,1
108023,1
105574,1
100449,0
106674,1
107627,1
105528,1
107894,1
107100,1
103014,0
105215,1
109807,2
101220,0
107934,1
105320,1
105775,1
101809,0
103545,0
106207,1
102822,0
108408,1
107245,1
108445,1
104427,0
104116,0
105461,1
103036,0
102206,0
108407,1
103538,0
106326,1
107968,1
101514,0
104869,0
101899,0
107850,1
105659,1
108853,2
104342,0
108821,2
108749,2
108066,1
100937,0
106815,1
108822,2
103225,0
105765,1
103092,0
109303,2
102864,0
104004,0
105879,1
103654,0
108175,1
104911,0
107429,1
101970,0
103374,0
105110,1
105736,1
105802,1
104387,0
102532,0
103927,0
101928,0
105826,1
109138,2
100792,0
106860,1
102383,0
105684,1
108176,1
109416,2
109698,2
100431,0
106747,1
104338,0
108314,1
109596,2
107012,1
102298,0
101577,0
105587,1
103505,0
101607,0
106913,1
100344,0
101840,0
102105,0
106316,1
101848,0
109798,2
102413,0
105491,1
105292,1
108545,2
104692,0
102432,0
102874,0
103035,0
105597,1
109310,2
107779,1
